{
  "timestamp": "2026-03-22T12:35:12Z",
  "total_images": 210,
  "metrics": {
    "siglip": {
      "mel_sens": 0.3,
      "mel_spec": 0.9083333333333333,
      "mal_sens": 0.4111111111111111
    },
    "swinv2": {
      "mel_sens": 0.5333333333333333,
      "mel_spec": 0.9277777777777778,
      "accuracy": 0.48095238095238096
    },
    "vit_mel": {
      "mel_sens": 0.7333333333333333,
      "mel_spec": 0.6611111111111111
    }
  }
}